feature,age_pearson,abs_corr,modality
ATAC__CD4_Naïve__chr6:22062657-22063158,-0.700166821144603,0.700166821144603,ATAC
ATAC__CD4_Naïve__chr1:240666506-240667007,0.6642967541123175,0.6642967541123175,ATAC
ATAC__CD4_Naïve__chr4:174522376-174522877,-0.6119245734247025,0.6119245734247025,ATAC
ATAC__CD4_Naïve__chr6:21593409-21593910,-0.6086038345204083,0.6086038345204083,ATAC
ATAC__CD4_Naïve__chr6:22148331-22148832,-0.604422701953102,0.604422701953102,ATAC
CD4_Naïve__SYNE2,0.5977464192851949,0.5977464192851949,RNA
ATAC__CD4_Naïve__chr19:50728334-50728835,-0.5850577622961177,0.5850577622961177,ATAC
ATAC__CD4_Naïve__chr22:40121485-40121986,-0.5803308386754512,0.5803308386754512,ATAC
ATAC__CD4_Naïve__chr15:87597630-87598131,0.5780669639084113,0.5780669639084113,ATAC
ATAC__CD4_Naïve__chr3:55664266-55664767,-0.5743532894769956,0.5743532894769956,ATAC
ATAC__CD4_Naïve__chr2:147297750-147298251,0.5741051368378113,0.5741051368378113,ATAC
ATAC__CD4_Naïve__chr21:42159931-42160432,-0.5724814455215698,0.5724814455215698,ATAC
ATAC__CD4_Naïve__chr2:170341867-170342368,-0.5671836431028099,0.5671836431028099,ATAC
cMono__PELI1,-0.5564981321340292,0.5564981321340292,RNA
CD4_Naïve__TCEAL2,0.5521802830326786,0.5521802830326786,RNA
ATAC__CD4_Naïve__chr6:22146063-22146564,-0.5460716346738406,0.5460716346738406,ATAC
ATAC__CD4_Naïve__chrX:69615697-69616198,0.5460013917406444,0.5460013917406444,ATAC
ATAC__CD4_Naïve__chr2:216693044-216693545,-0.5452460635225074,0.5452460635225074,ATAC
ATAC__CD4_Naïve__chr18:55589656-55590157,-0.5386192922488237,0.5386192922488237,ATAC
ATAC__CD4_Naïve__chr2:101981501-101982002,-0.5349411248971326,0.5349411248971326,ATAC
ATAC__CD4_Naïve__chr2:213153581-213154082,-0.5264038817075815,0.5264038817075815,ATAC
ATAC__CD4_Naïve__chr10:33114341-33114842,0.525080759766884,0.525080759766884,ATAC
ATAC__CD4_Naïve__chr17:3770995-3771496,-0.5239171941912635,0.5239171941912635,ATAC
ATAC__CD4_Naïve__chr3:90689183-90689684,0.5219453135517843,0.5219453135517843,ATAC
ATAC__CD4_Naïve__chr10:65501140-65501641,0.5182057381916274,0.5182057381916274,ATAC
ATAC__CD4_Naïve__chr7:158991826-158992327,-0.5162665520877636,0.5162665520877636,ATAC
CD4_Tcm__KLRB1,-0.5111184917384024,0.5111184917384024,RNA
CD8_CTL__PIK3IP1,-0.5103215139227378,0.5103215139227378,RNA
CD4_Treg__SYNE2,0.5091445192976917,0.5091445192976917,RNA
ATAC__CD4_Naïve__chr13:28492468-28492969,-0.5077806591239512,0.5077806591239512,ATAC
ATAC__CD4_Naïve__chr7:2040754-2041255,-0.49717792253371146,0.49717792253371146,ATAC
ATAC__CD4_Naïve__chr15:63414773-63415274,-0.4960960797374756,0.4960960797374756,ATAC
cMono__ACTN1,-0.4889787836252085,0.4889787836252085,RNA
ATAC__CD4_Naïve__chr18:58721721-58722222,-0.4798644239840704,0.4798644239840704,ATAC
ATAC__CD4_Naïve__chr1:243122826-243123327,-0.47915940519702643,0.47915940519702643,ATAC
Missing__ATAC__CD8_Naïve,0.47533982571424604,0.47533982571424604,ATAC
CD4_Treg__TCF7,-0.47211075648959616,0.47211075648959616,RNA
ATAC__CD4_Naïve__chr14:92535245-92535746,-0.47207154995031897,0.47207154995031897,ATAC
CD4_Naïve__ANKRD12,0.4713812713069055,0.4713812713069055,RNA
ATAC__CD4_Naïve__chr21:22421363-22421864,-0.4696157665510586,0.4696157665510586,ATAC
ATAC__immature_T__chr14:65478505-65479006,0.4693513320940933,0.4693513320940933,ATAC
ATAC__CD4_Naïve__chr6:22045187-22045688,-0.4684862381752257,0.4684862381752257,ATAC
ATAC__CD4_Naïve__chrX:106802367-106802868,0.46720758628248255,0.46720758628248255,ATAC
ATAC__CD4_Naïve__chr19:47447528-47448029,-0.4671076418512563,0.4671076418512563,ATAC
cMono__ZNF655,-0.46610627009066585,0.46610627009066585,RNA
ATAC__CD4_Naïve__chr13:18998288-18998789,0.46589936345171257,0.46589936345171257,ATAC
CD4_Naïve__MPHOSPH8,0.464788816553533,0.464788816553533,RNA
CD4_Naïve__RGS10,-0.46414195447119944,0.46414195447119944,RNA
ATAC__CD8_Tem__chr17:76139868-76140369,-0.46306826922593053,0.46306826922593053,ATAC
CD8_CTL__EEF1B2,-0.463036641373136,0.463036641373136,RNA
CD8_CTL__NFKBIZ,-0.4620503113357512,0.4620503113357512,RNA
CD8_CTL__RGS10,-0.46197058861651064,0.46197058861651064,RNA
CD4_Naïve__SOX4,-0.46168015566208614,0.46168015566208614,RNA
CD4_Naïve__SF3B1,-0.4615607433253016,0.4615607433253016,RNA
ATAC__CD4_Naïve__chr10:11009647-11010148,-0.46135283126934146,0.46135283126934146,ATAC
CD8_CTL__GOLGA8B,-0.4611576827649894,0.4611576827649894,RNA
ATAC__CD8_CTL__chr1:228212861-228213362,-0.4594515106541378,0.4594515106541378,ATAC
ATAC__CD4_Naïve__chr22:20810539-20811040,-0.45925588577503085,0.45925588577503085,ATAC
ATAC__CD4_Naïve__chr3:196803806-196804307,-0.458098533702828,0.458098533702828,ATAC
ATAC__CD4_Naïve__chr4:69661057-69661558,0.4576484342941505,0.4576484342941505,ATAC
CD8_Tem__ZBTB1,-0.4571951092106364,0.4571951092106364,RNA
Naïve_B__KMT2C,0.4568216251902217,0.4568216251902217,RNA
Swit.Bm__PDS5B,0.4553846042383031,0.4553846042383031,RNA
CD4_Helper__SYNE2,0.45439767523005575,0.45439767523005575,RNA
ATAC__CD4_Naïve__chr3:42638285-42638786,0.45391510583136885,0.45391510583136885,ATAC
CD4_Treg__SATB1,-0.4535408619858334,0.4535408619858334,RNA
CD8_CTL__SRSF11,-0.4528767943440814,0.4528767943440814,RNA
ATAC__CD4_Naïve__chrY:19077272-19077773,-0.45271572396325255,0.45271572396325255,ATAC
ATAC__CD4_Naïve__chr1:64506211-64506712,-0.4524505741339291,0.4524505741339291,ATAC
ATAC__CD4_Helper__chr10:104935591-104936092,0.45233627528303905,0.45233627528303905,ATAC
ATAC__Naïve_B__chr9:105500349-105500850,0.4521643785564349,0.4521643785564349,ATAC
ATAC__CD4_Tcm__chr1:240666506-240667007,0.45123197994366515,0.45123197994366515,ATAC
ATAC__CD4_Naïve__chr11:95688395-95688896,0.45084540817789287,0.45084540817789287,ATAC
ATAC__CD4_Naïve__chr12:22396289-22396790,0.44854994450688285,0.44854994450688285,ATAC
ATAC__CD4_Naïve__chr7:99372807-99373308,-0.4482574997995055,0.4482574997995055,ATAC
cMono__IRS2,-0.44721155584136035,0.44721155584136035,RNA
ATAC__CD4_Naïve__chr16:70736938-70737439,-0.446050531748749,0.446050531748749,ATAC
CD8_Tem__IGFBP3,0.4455726725992717,0.4455726725992717,RNA
CD4_Naïve__PLXDC1,-0.4455420389428584,0.4455420389428584,RNA
ATAC__immature_T__chr3:15801228-15801729,0.4450854206622025,0.4450854206622025,ATAC
ATAC__CD4_Naïve__chr2:213151630-213152131,-0.4442738571644046,0.4442738571644046,ATAC
ATAC__CD4_Naïve__chr2:172970657-172971158,-0.4427609721924385,0.4427609721924385,ATAC
ATAC__CD4_Naïve__chr11:35343138-35343639,0.44220470351808194,0.44220470351808194,ATAC
ATAC__CD4_Naïve__chr15:31357094-31357595,-0.4420435484347547,0.4420435484347547,ATAC
DC__GNAI2,0.4409105918612296,0.4409105918612296,RNA
CD8_CTL__SF1,-0.44053979875859706,0.44053979875859706,RNA
CD4_Treg__GNAI2,0.44050087721021236,0.44050087721021236,RNA
ATAC__CD4_Naïve__chr4:140049174-140049675,-0.4400296981293903,0.4400296981293903,ATAC
CD4_Naïve__NAP1L2,0.437553845126535,0.437553845126535,RNA
CD4_Treg__SESN1,-0.43661599181269994,0.43661599181269994,RNA
ATAC__CD4_Naïve__chr1:237736674-237737175,0.4365046038012523,0.4365046038012523,ATAC
CD4_Naïve__SERPINE2,-0.43604646642756145,0.43604646642756145,RNA
cMono__KANSL1,-0.4359045875103447,0.4359045875103447,RNA
Naïve_B__PIK3IP1,-0.43522984303809453,0.43522984303809453,RNA
ATAC__CD8_Tem__chr2:98479897-98480398,-0.43485973388559673,0.43485973388559673,ATAC
ATAC__CD8_Tem__chr10:132387837-132388338,-0.4337580981906301,0.4337580981906301,ATAC
cMono__BTG1,-0.4336694850331348,0.4336694850331348,RNA
ATAC__CD8_CTL__chr22:37696665-37697166,-0.4327117570933389,0.4327117570933389,ATAC
ATAC__CD4_Naïve__chr3:124584194-124584695,0.4325915604366819,0.4325915604366819,ATAC
CD4_Naïve__RNF20,0.4324266079365509,0.4324266079365509,RNA
ATAC__CD4_Naïve__chr14:98103641-98104142,-0.4320081431012163,0.4320081431012163,ATAC
CD8_CTL__TBC1D4,-0.4314588900234048,0.4314588900234048,RNA
ATAC__CD4_Naïve__chr10:110868937-110869438,-0.43128746381419,0.43128746381419,ATAC
ATAC__CD4_Naïve__chr14:106276293-106276794,-0.43022966886373903,0.43022966886373903,ATAC
cMono__SF3B1,-0.43016577317025506,0.43016577317025506,RNA
ATAC__CD4_Naïve__chr18:9083747-9084248,0.4300519340303923,0.4300519340303923,ATAC
Prolif.T__SLC25A10,0.4296479145385019,0.4296479145385019,RNA
ATAC__CD4_Naïve__chr10:110834806-110835307,-0.4294408469339518,0.4294408469339518,ATAC
ATAC__CD4_Naïve__chr2:147449361-147449862,0.4280030226818095,0.4280030226818095,ATAC
CD4_Naïve__ATRX,0.42796471799916247,0.42796471799916247,RNA
ATAC__CD4_Naïve__chr7:36777787-36778288,-0.42742422477125547,0.42742422477125547,ATAC
ATAC__CD4_Naïve__chr14:35367644-35368145,-0.42740686117465476,0.42740686117465476,ATAC
ATAC__CD4_Tcm__chr3:95721862-95722363,0.42713316779066224,0.42713316779066224,ATAC
ATAC__CD4_Naïve__chr5:124162761-124163262,-0.42697279936241117,0.42697279936241117,ATAC
CD8_CTL__HIF1A,-0.4268538496088239,0.4268538496088239,RNA
ATAC__CD4_Naïve__chr20:52975263-52975764,0.42656098864322123,0.42656098864322123,ATAC
Swit.Bm__MAPK8IP3,-0.42625883889954086,0.42625883889954086,RNA
ATAC__CD8_Tem__chr2:105398841-105399342,-0.42606715378607607,0.42606715378607607,ATAC
ATAC__CD4_Helper__chr1:237736674-237737175,0.4256678886132942,0.4256678886132942,ATAC
ATAC__CD4_Naïve__chr8:133303090-133303591,0.4251844120118524,0.4251844120118524,ATAC
CD4_Naïve__GYPC,-0.4250454912702226,0.4250454912702226,RNA
ATAC__CD4_Naïve__chr10:3852232-3852733,0.42245827995695084,0.42245827995695084,ATAC
cMono__IRF2BP2,-0.4222837024837915,0.4222837024837915,RNA
cMono__KIAA0319L,-0.42154738128070246,0.42154738128070246,RNA
ATAC__CD4_Tcm__chr8:47680370-47680871,0.4215128417325673,0.4215128417325673,ATAC
cMono__UQCRB,-0.4214660968143199,0.4214660968143199,RNA
ATAC__CD4_Naïve__chr14:31944948-31945449,0.42115049553167366,0.42115049553167366,ATAC
ATAC__CD4_Naïve__chr16:84765855-84766356,0.4205560855430516,0.4205560855430516,ATAC
Swit.Bm__IGHM,-0.42054236789059163,0.42054236789059163,RNA
ATAC__CD4_Naïve__chr18:79914046-79914547,-0.42046195189480534,0.42046195189480534,ATAC
ATAC__CD4_Naïve__chr9:1366234-1366735,0.42027049289057383,0.42027049289057383,ATAC
CD4_Naïve__STAT4,0.42008812525936723,0.42008812525936723,RNA
cMono__MAP2K3,-0.41893120356828,0.41893120356828,RNA
ATAC__CD4_Naïve__chr8:81028152-81028653,-0.41869242597446404,0.41869242597446404,ATAC
DC__SF3B1,-0.41822302699202146,0.41822302699202146,RNA
CD4_Tcm__SF3B1,-0.41820016812856714,0.41820016812856714,RNA
ATAC__CD8_CTL__chr20:20207781-20208282,0.41817446015633525,0.41817446015633525,ATAC
ATAC__CD4_Naïve__chr6:33668883-33669384,0.41781311730694387,0.41781311730694387,ATAC
CD4_Naïve__IL2RB,0.4175555365481885,0.4175555365481885,RNA
ATAC__CD4_Tcm__chr16:16041110-16041611,0.41669438634999967,0.41669438634999967,ATAC
ATAC__CD8_Tem__chr9:136438756-136439257,-0.4165836971722685,0.4165836971722685,ATAC
CD4_Naïve__IRF2BP2,-0.4155977799273421,0.4155977799273421,RNA
cMono__RASSF5,-0.41526452258083124,0.41526452258083124,RNA
CD8_CTL__SF3B1,-0.41461433780732077,0.41461433780732077,RNA
Swit.Bm__SF3B1,-0.4143001008850165,0.4143001008850165,RNA
ATAC__CD8_CTL__chr16:89256820-89257321,-0.41365321653421283,0.41365321653421283,ATAC
ATAC__CD8_Tem__chr17:82583620-82584121,-0.41352586970330646,0.41352586970330646,ATAC
ATAC__CD8_Tem__chr1:10495891-10496392,-0.4130098626662424,0.4130098626662424,ATAC
CD8_CTL__UXT,-0.41281371792120014,0.41281371792120014,RNA
CD8_CTL__KIF21A,0.41279392647221136,0.41279392647221136,RNA
γδT2__SH3RF2,0.41267588713987524,0.41267588713987524,RNA
CD4_Naïve__SLFN12L,0.4115168099872578,0.4115168099872578,RNA
CD4_Tcm__AIRE,0.41141735910385707,0.41141735910385707,RNA
cMono__BIN2,-0.41126281476429094,0.41126281476429094,RNA
Swit.Bm__LEPROTL1,-0.41089732552212216,0.41089732552212216,RNA
CD8_CTL__TNFRSF25,-0.4108922303750406,0.4108922303750406,RNA
CD4_Treg__EEF1B2,-0.4108854846993862,0.4108854846993862,RNA
DC__RSL1D1,-0.4107897552991144,0.4107897552991144,RNA
cMono__SRSF10,-0.4107064138688633,0.4107064138688633,RNA
CD4_Naïve__ZFP36L2,-0.4100729011031362,0.4100729011031362,RNA
CD8_Tem__CCDC12,0.40982249063046583,0.40982249063046583,RNA
ATAC__CD4_Naïve__chr6:21596652-21597153,-0.40978415236916915,0.40978415236916915,ATAC
cMono__DIP2A,-0.40960538229934035,0.40960538229934035,RNA
DC__DGKA,-0.4095715697567675,0.4095715697567675,RNA
ATAC__immature_T__chr14:89283316-89283817,0.4092050938761872,0.4092050938761872,ATAC
CD4_Naïve__DPP4,0.4088441919739012,0.4088441919739012,RNA
CD8_CTL__RASGRP2,-0.4077695801507532,0.4077695801507532,RNA
ATAC__CD8_CTL__chr2:239625808-239626309,0.40692935756283616,0.40692935756283616,ATAC
ATAC__CD4_Tcm__chr5:56190455-56190956,0.4063723937699532,0.4063723937699532,ATAC
CD4_Naïve__GREM2,0.4062456821763301,0.4062456821763301,RNA
CD8_CTL__ATP6V1G1,-0.4059462010654449,0.4059462010654449,RNA
CD4_Naïve__STMN1,-0.4049797175739228,0.4049797175739228,RNA
ATAC__immature_T__chr6:24858129-24858630,0.4049249324237471,0.4049249324237471,ATAC
CD8_CTL__NR2C1,-0.4047732087880337,0.4047732087880337,RNA
ATAC__CD4_Naïve__chr19:19032332-19032833,-0.4043569351249178,0.4043569351249178,ATAC
CD8_CTL__RCAN3,-0.40395605813072377,0.40395605813072377,RNA
Naïve_B__ZFC3H1,0.40377813545146746,0.40377813545146746,RNA
ATAC__CD4_Naïve__chr9:81002195-81002696,-0.4037052915570807,0.4037052915570807,ATAC
CD4_Naïve__PPP1R12A,0.4034242129651447,0.4034242129651447,RNA
cMono__CBX4,-0.4023601555386093,0.4023601555386093,RNA
cMono__SATB1,-0.40216609289103233,0.40216609289103233,RNA
ATAC__CD4_Naïve__chr4:123599860-123600361,-0.40197853478797096,0.40197853478797096,ATAC
ATAC__CD4_Naïve__chr2:241541075-241541576,-0.4019561729628781,0.4019561729628781,ATAC
ATAC__immature_T__chr1:53509219-53509720,0.40180086559104206,0.40180086559104206,ATAC
ATAC__CD4_Naïve__chr1:30952032-30952533,-0.40160511842953794,0.40160511842953794,ATAC
CD4_Tcm__AUTS2,-0.4015876057892976,0.4015876057892976,RNA
CD4_Naïve__PIK3IP1,-0.4012987933511411,0.4012987933511411,RNA
ATAC__CD4_Naïve__chr13:28494952-28495453,-0.40110696008322105,0.40110696008322105,ATAC
DC__SRSF10,-0.40036383760112443,0.40036383760112443,RNA
CD4_Treg__PIK3IP1,-0.4001686004823029,0.4001686004823029,RNA
cMono__LEPROTL1,-0.3999632145417129,0.3999632145417129,RNA
ATAC__CD4_Tcm__chr15:41513646-41514147,-0.39991590922969583,0.39991590922969583,ATAC
ATAC__CD4_Naïve__chr22:37237824-37238325,-0.3995590808815742,0.3995590808815742,ATAC
ATAC__immature_T__chr8:128574390-128574891,0.3995171742778132,0.3995171742778132,ATAC
Swit.Bm__ZFP36L2,-0.3994125592572829,0.3994125592572829,RNA
ATAC__CD4_Naïve__chr19:5130486-5130987,-0.3993355821469975,0.3993355821469975,ATAC
Swit.Bm__SELENOH,-0.399307187113089,0.399307187113089,RNA
ATAC__CD4_Naïve__chr2:2057070-2057571,0.39878296555428516,0.39878296555428516,ATAC
ATAC__CD4_Naïve__chr8:101155772-101156273,-0.39876964402642545,0.39876964402642545,ATAC
ATAC__CD4_Naïve__chr1:9561403-9561904,-0.39866609975668904,0.39866609975668904,ATAC
cMono__AKNA,-0.3985410613282529,0.3985410613282529,RNA
ATAC__CD4_Helper__chr2:64025725-64026226,0.3982985164584974,0.3982985164584974,ATAC
CD4_Naïve__ATP5ME,-0.3978589941359488,0.3978589941359488,RNA
CD4_Naïve__PTGER2,0.39783895036982997,0.39783895036982997,RNA
cMono__SRSF7,-0.3976644931723193,0.3976644931723193,RNA
ATAC__CD4_Naïve__chr15:91472159-91472660,0.3975238613320224,0.3975238613320224,ATAC
CD4_Helper__PIK3IP1,-0.3972290867119667,0.3972290867119667,RNA
CD4_Naïve__ATP5F1E,-0.39685496836731177,0.39685496836731177,RNA
DC__SATB1,-0.39675415928620855,0.39675415928620855,RNA
Prolif.T__C1orf21,0.3967359086024381,0.3967359086024381,RNA
ATAC__Prolif.T__chr17:35536544-35537045,0.39617513560116985,0.39617513560116985,ATAC
ATAC__CD8_CTL__chr5:151211692-151212193,-0.39578121222927365,0.39578121222927365,ATAC
ATAC__CD4_Naïve__chr1:64469926-64470427,-0.3957098196003515,0.3957098196003515,ATAC
ATAC__CD8_CTL__chr5:115333112-115333613,0.39556439005050653,0.39556439005050653,ATAC
ATAC__CD4_Naïve__chr4:163895371-163895872,0.39519856312623375,0.39519856312623375,ATAC
Swit.Bm__UQCRB,-0.39500727602283264,0.39500727602283264,RNA
cMono__SLC11A1,-0.3950003457773645,0.3950003457773645,RNA
cMono__RICTOR,-0.39488624715164916,0.39488624715164916,RNA
cMono__EIF4A2,-0.39473661998426113,0.39473661998426113,RNA
cMono__JDP2,-0.3944175426622529,0.3944175426622529,RNA
Naïve_B__KRAS,0.39438053467034184,0.39438053467034184,RNA
ATAC__CD4_Tcm__chr7:39589687-39590188,0.39427180727531613,0.39427180727531613,ATAC
CD4_Naïve__CR2,-0.3942381136750175,0.3942381136750175,RNA
Naïve_B__GNAI2,0.39415539084763346,0.39415539084763346,RNA
ATAC__CD4_Naïve__chr14:52352070-52352571,0.39396015194916967,0.39396015194916967,ATAC
ATAC__CD8_CTL__chr17:81481262-81481763,-0.39383409224034516,0.39383409224034516,ATAC
CD8_Tem__MYO6,0.39383057014098044,0.39383057014098044,RNA
cMono__PCBP1,-0.3936737126271266,0.3936737126271266,RNA
Naïve_B__CCDC50,0.3935861029889953,0.3935861029889953,RNA
ATAC__CD4_Tcm__chr4:163895371-163895872,0.3935510929045688,0.3935510929045688,ATAC
ATAC__Prolif.T__chr14:24080949-24081450,0.39322496506221327,0.39322496506221327,ATAC
ATAC__CD4_Naïve__chr10:33134044-33134545,0.3931569560682586,0.3931569560682586,ATAC
CD4_Tcm__IFITM3,0.39303171033795936,0.39303171033795936,RNA
CD4_Naïve__TCFL5,-0.39283216681720046,0.39283216681720046,RNA
Naïve_B__GYPC,-0.39197501141986024,0.39197501141986024,RNA
ATAC__CD8_CTL__chr1:210340733-210341234,0.3917050693985711,0.3917050693985711,ATAC
CD4_Tcm__CCND3,-0.39115901921216184,0.39115901921216184,RNA
Swit.Bm__PCBP2,-0.39102471300898434,0.39102471300898434,RNA
CD8_CTL__MT-ND4L,-0.39071009671680196,0.39071009671680196,RNA
ATAC__CD4_Naïve__chr7:6530997-6531498,-0.3905316672814737,0.3905316672814737,ATAC
CD8_CTL__FASLG,0.3903148491629178,0.3903148491629178,RNA
CD4_Naïve__ZC3H13,0.39016451802131097,0.39016451802131097,RNA
CD4_Tcm__PRMT2,-0.3899345612047696,0.3899345612047696,RNA
CD8_CTL__LEPROTL1,-0.38987153386683515,0.38987153386683515,RNA
CD4_Tcm__PPIG,0.3896155128291312,0.3896155128291312,RNA
ATAC__CD8_CTL__chr17:1115003-1115504,0.38954670769752464,0.38954670769752464,ATAC
CD4_Tcm__PIK3IP1,-0.3893577672802567,0.3893577672802567,RNA
CD4_Treg__NR1D2,0.38915457839705275,0.38915457839705275,RNA
ATAC__CD4_Naïve__chr17:3916326-3916827,-0.3890986122016798,0.3890986122016798,ATAC
ATAC__CD4_Naïve__chr15:87681011-87681512,0.38909022858523684,0.38909022858523684,ATAC
DC__GOLGA8B,-0.3886391711890952,0.3886391711890952,RNA
ATAC__immature_T__chr1:227748425-227748926,0.3884697470989477,0.3884697470989477,ATAC
CD8_Tem__B3GNT2,-0.3882209520923833,0.3882209520923833,RNA
ATAC__CD4_Naïve__chr7:80151257-80151758,-0.38821521821682214,0.38821521821682214,ATAC
cMono__YBX3,-0.38789304878113967,0.38789304878113967,RNA
ATAC__CD8_Tem__chr19:3285039-3285540,-0.38783380227550984,0.38783380227550984,ATAC
cMono__ZFP36L2,-0.38779598556721656,0.38779598556721656,RNA
ATAC__CD4_Naïve__chr12:12474838-12475339,0.3874131935327216,0.3874131935327216,ATAC
ATAC__CD8_Tem__chr15:77010820-77011321,-0.386993513630628,0.386993513630628,ATAC
CD4_Tcm__DIP2A,-0.38687778612442647,0.38687778612442647,RNA
CD4_Naïve__MDN1,0.3867863530688096,0.3867863530688096,RNA
cMono__LGALS8,-0.3862605909408123,0.3862605909408123,RNA
CD8_CTL__CCNL1,-0.3862383715548028,0.3862383715548028,RNA
ATAC__immature_T__chr2:24517237-24517738,0.3860468844680088,0.3860468844680088,ATAC
CD4_Treg__TTN,0.3859023014436309,0.3859023014436309,RNA
ATAC__CD4_Naïve__chr18:55534485-55534986,-0.38587344035473775,0.38587344035473775,ATAC
CD4_Helper__SYNC,0.3854489710783501,0.3854489710783501,RNA
Prolif.T__PIK3IP1,-0.38544799044579353,0.38544799044579353,RNA
ATAC__CD8_Tem__chr17:81481262-81481763,-0.3854182962478935,0.3854182962478935,ATAC
ATAC__CD4_Naïve__chr2:19971664-19972165,-0.3853476908098247,0.3853476908098247,ATAC
CD4_Treg__ITGB1,0.38526697471309823,0.38526697471309823,RNA
CD8_Tem__RTN4R,0.385057309363016,0.385057309363016,RNA
CD4_Naïve__EDAR,-0.3849952732804123,0.3849952732804123,RNA
Naïve_B__SMC6,0.3848349746830613,0.3848349746830613,RNA
CD8_CTL__EIF4A2,-0.38481097325119407,0.38481097325119407,RNA
CD4_Treg__GLIPR2,0.38480925964044826,0.38480925964044826,RNA
ATAC__CD4_Tcm__chr1:201468994-201469495,0.3847282855538055,0.3847282855538055,ATAC
ATAC__CD4_Naïve__chr10:119663801-119664302,0.38464104823967504,0.38464104823967504,ATAC
cMono__ACTG1,0.3836005903784618,0.3836005903784618,RNA
CD4_Helper__NFIC,0.38352447165772513,0.38352447165772513,RNA
CD4_Naïve__SPEF2,0.3834344658903603,0.3834344658903603,RNA
ATAC__CD8_CTL__chr5:74889635-74890136,0.3832629589968519,0.3832629589968519,ATAC
cMono__PUM1,-0.383052831250685,0.383052831250685,RNA
CD8_CTL__RAB8A,0.3830381994858404,0.3830381994858404,RNA
CD8_CTL__GNAI2,0.3829896167631582,0.3829896167631582,RNA
CD8_CTL__BTF3,-0.3827491464237708,0.3827491464237708,RNA
ATAC__CD4_Naïve__chr10:99994236-99994737,-0.38271936960320774,0.38271936960320774,ATAC
ATAC__immature_T__chr7:106009367-106009868,-0.38261427295085243,0.38261427295085243,ATAC
Swit.Bm__RGS10,-0.38214289653682953,0.38214289653682953,RNA
CD8_CTL__ISG20,-0.382041513509721,0.382041513509721,RNA
ATAC__CD8_Tem__chr2:46979564-46980065,-0.38202580117414336,0.38202580117414336,ATAC
cMono__TSC22D3,-0.38201907585121664,0.38201907585121664,RNA
ATAC__CD4_Naïve__chr3:170223219-170223720,-0.3819853670995298,0.3819853670995298,ATAC
ATAC__CD8_CTL__chr15:86611605-86612106,0.381903693833294,0.381903693833294,ATAC
cMono__PHC3,-0.38186818122982236,0.38186818122982236,RNA
CD4_Tcm__BIRC3,0.38161797518840157,0.38161797518840157,RNA
ATAC__immature_T__chr17:1751609-1752110,0.38143080243418365,0.38143080243418365,ATAC
CD8_CTL__DNAJB1,-0.3813595414296992,0.3813595414296992,RNA
DC__TUBA1A,0.38113965116004955,0.38113965116004955,RNA
ATAC__CD4_Naïve__chr4:155758700-155759201,-0.38074988896335177,0.38074988896335177,ATAC
ATAC__CD8_Tem__chr16:57128685-57129186,-0.3803380961538381,0.3803380961538381,ATAC
ATAC__immature_T__chr12:1915605-1916106,0.3803338082760561,0.3803338082760561,ATAC
ATAC__CD8_CTL__chr2:147288096-147288597,0.3801550201517948,0.3801550201517948,ATAC
CD4_Naïve__CWF19L2,0.380146893924776,0.380146893924776,RNA
ATAC__CD4_Naïve__chr19:20482686-20483187,0.37988407814850716,0.37988407814850716,ATAC
ATAC__CD4_Treg__chr3:158641843-158642344,0.379774443439564,0.379774443439564,ATAC
ATAC__CD4_Naïve__chr20:52973074-52973575,0.37932678014101734,0.37932678014101734,ATAC
DC__KAT2A,-0.3788967533898461,0.3788967533898461,RNA
CD4_Treg__ZFP36L2,-0.37882205881881365,0.37882205881881365,RNA
CD4_Helper__SH3BP5,0.37828267332100196,0.37828267332100196,RNA
ATAC__immature_T__chr1:234230448-234230949,0.3782175461435974,0.3782175461435974,ATAC
DC__S100A11,0.37811641357315096,0.37811641357315096,RNA
ATAC__CD4_Tcm__chr8:127169865-127170366,0.377964161416442,0.377964161416442,ATAC
ATAC__Prolif.T__chr6:75781766-75782267,0.3777772664176758,0.3777772664176758,ATAC
Swit.Bm__DPF3,0.37776072599016247,0.37776072599016247,RNA
ATAC__CD4_Tcm__chr3:10603379-10603880,0.3776504383369144,0.3776504383369144,ATAC
ATAC__CD8_Tem__chr2:134118213-134118714,-0.3776148581190648,0.3776148581190648,ATAC
cMono__PCBP2,-0.3774740625881312,0.3774740625881312,RNA
DC__TPPP3,0.37745552757677847,0.37745552757677847,RNA
ATAC__CD8_Tem__chr19:43639915-43640416,-0.37656002856612564,0.37656002856612564,ATAC
ATAC__immature_T__chr17:68265412-68265913,-0.37655535434755316,0.37655535434755316,ATAC
CD4_Tcm__LGALS1,0.37624795018541457,0.37624795018541457,RNA
ATAC__CD4_Tcm__chr13:51942063-51942564,0.3761209865199448,0.3761209865199448,ATAC
Swit.Bm__GNAI2,0.376113713441266,0.376113713441266,RNA
cMono__CYB5R3,-0.3760559038377311,0.3760559038377311,RNA
CD4_Naïve__MARCKSL1,-0.3759588088690381,0.3759588088690381,RNA
ATAC__NKbright__chr14:100393770-100394271,0.3749984141386794,0.3749984141386794,ATAC
CD8_CTL__NEIL1,-0.37490948977830707,0.37490948977830707,RNA
CD4_Tcm__NSG1,-0.37485199352710336,0.37485199352710336,RNA
CD8_CTL__TMIGD2,-0.37475880412606016,0.37475880412606016,RNA
DC__P2RY13,0.37467391817339873,0.37467391817339873,RNA
CD8_Tem__PLD1,0.3744422405435927,0.3744422405435927,RNA
CD8_CTL__IRF2BP2,-0.37429995376144437,0.37429995376144437,RNA
ATAC__CD8_Tem__chr11:114082718-114083219,-0.3738693590652816,0.3738693590652816,ATAC
ATAC__CD8_CTL__chr7:130990393-130990894,0.3736583800260478,0.3736583800260478,ATAC
cMono__KDM2A,-0.3732946933607159,0.3732946933607159,RNA
ATAC__CD8_Tem__chr1:6459704-6460205,-0.37314715383686475,0.37314715383686475,ATAC
CD4_Tcm__SESN3,0.37311515382888893,0.37311515382888893,RNA
ATAC__immature_T__chr20:54063874-54064375,0.3729956675287718,0.3729956675287718,ATAC
cMono__SETD1B,-0.37286747511596,0.37286747511596,RNA
DC__LRIG2,-0.37248516067429444,0.37248516067429444,RNA
Naïve_B__NCOR1,0.37228438269470615,0.37228438269470615,RNA
CD8_CTL__DGKA,-0.3718090527395845,0.3718090527395845,RNA
ATAC__CD4_Naïve__chr9:38620771-38621272,0.37168977671875747,0.37168977671875747,ATAC
CD8_CTL__IRS2,-0.3714983152587645,0.3714983152587645,RNA
cMono__KHSRP,-0.37148664163148765,0.37148664163148765,RNA
cMono__ATF6B,-0.37147485984038836,0.37147485984038836,RNA
CD4_Naïve__SLC25A5,-0.3714181554888034,0.3714181554888034,RNA
CD4_Treg__EZR,0.3712627966132777,0.3712627966132777,RNA
ATAC__CD4_Helper__chr11:95443354-95443855,0.3712462073443238,0.3712462073443238,ATAC
DC__TCF7,-0.37078303692881925,0.37078303692881925,RNA
ATAC__CD8_CTL__chr16:47141634-47142135,-0.3705805659919437,0.3705805659919437,ATAC
ATAC__CD8_CTL__chr1:199168842-199169343,0.37050771049080405,0.37050771049080405,ATAC
Swit.Bm__GRAMD1C,0.37043052191062503,0.37043052191062503,RNA
CD4_Naïve__HIF1A,-0.37041582158212744,0.37041582158212744,RNA
DC__SERPINA1,0.3695825443639023,0.3695825443639023,RNA
ATAC__CD4_Naïve__chrY:3527013-3527514,0.3693601971329373,0.3693601971329373,ATAC
ATAC__CD8_Tem__chr17:5500922-5501423,-0.36928276274629096,0.36928276274629096,ATAC
Naïve_B__EIF3H,-0.36866730245401036,0.36866730245401036,RNA
ATAC__Prolif.T__chr14:50830421-50830922,0.3685094134746121,0.3685094134746121,ATAC
NKbright__VPS4B,0.3683276003807015,0.3683276003807015,RNA
ATAC__Prolif.T__chr6:157764410-157764911,-0.3680289150644584,0.3680289150644584,ATAC
immature_T__MT-CO3,-0.3679973003393572,0.3679973003393572,RNA
CD4_Naïve__PDE7A,-0.36793632061756537,0.36793632061756537,RNA
CD4_Naïve__BCL2,0.3678131627767997,0.3678131627767997,RNA
ATAC__CD4_Naïve__chr17:59853180-59853681,0.36772627639720495,0.36772627639720495,ATAC
ATAC__CD4_Tcm__chr2:206536929-206537430,0.3676856968445193,0.3676856968445193,ATAC
ATAC__CD8_CTL__chr1:226002038-226002539,-0.36764189280475107,0.36764189280475107,ATAC
cMono__TXNIP,-0.3676246034425882,0.3676246034425882,RNA
ATAC__CD4_Tcm__chr8:81569178-81569679,0.367508416158635,0.367508416158635,ATAC
ATAC__CD4_Helper__chr1:45163184-45163685,0.36729142570060613,0.36729142570060613,ATAC
CD8_CTL__ZFP36L2,-0.3670739560666174,0.3670739560666174,RNA
ATAC__CD4_Tcm__chr8:89243511-89244012,0.36693138820652754,0.36693138820652754,ATAC
ATAC__CD4_Naïve__chr13:29080981-29081482,0.3667436420279515,0.3667436420279515,ATAC
cMono__HNRNPL,-0.36662310080520777,0.36662310080520777,RNA
cMono__SDCBP,-0.36658852301628153,0.36658852301628153,RNA
CD8_CTL__HSP90AB1,-0.3665338186792256,0.3665338186792256,RNA
cMono__SRSF2,-0.3660155668219251,0.3660155668219251,RNA
CD4_Naïve__CBX3,-0.36600504881245277,0.36600504881245277,RNA
ATAC__CD4_Tcm__chr5:75059838-75060339,0.3659860345099523,0.3659860345099523,ATAC
CD4_Tcm__EEF1B2,-0.36589561639582086,0.36589561639582086,RNA
ATAC__CD4_Helper__chr2:147297750-147298251,0.3653414380229914,0.3653414380229914,ATAC
CD4_Tcm__MAZ,0.36530330173183523,0.36530330173183523,RNA
immature_T__RORA,0.36515678118130296,0.36515678118130296,RNA
ATAC__cMono__chr11:62105036-62105537,0.3650673043129661,0.3650673043129661,ATAC
CD4_Naïve__CD84,0.365029166874041,0.365029166874041,RNA
ATAC__CD4_Naïve__chr10:101012783-101013284,-0.36495823113551545,0.36495823113551545,ATAC
CD8_CTL__NOP53,-0.3649408635546698,0.3649408635546698,RNA
ATAC__cMono__chr19:47430017-47430518,-0.36480812836462023,0.36480812836462023,ATAC
CD8_CTL__RERE,-0.36465920004753904,0.36465920004753904,RNA
ATAC__CD8_Tem__chr1:26723515-26724016,-0.3644540578824382,0.3644540578824382,ATAC
Swit.Bm__PIK3IP1,-0.3644410402661215,0.3644410402661215,RNA
ATAC__CD8_Tem__chr17:29591587-29592088,-0.36435174444320206,0.36435174444320206,ATAC
CD4_Tcm__TSC22D3,-0.3642036548184348,0.3642036548184348,RNA
ATAC__CD8_Tem__chr1:27527049-27527550,-0.3640161973579266,0.3640161973579266,ATAC
CD8_CTL__NLRP1,-0.363934558640777,0.363934558640777,RNA
CD4_Naïve__ATP5MG,-0.36387441588729613,0.36387441588729613,RNA
CD8_CTL__CHCHD10,-0.3638137628530857,0.3638137628530857,RNA
ATAC__CD4_Tcm__chr10:62690617-62691118,0.3636789742743306,0.3636789742743306,ATAC
ATAC__Naïve_B__chr2:10044307-10044808,-0.36364095523290496,0.36364095523290496,ATAC
CD8_CTL__MFAP1,0.3635496758510168,0.3635496758510168,RNA
CD8_Tem__NEIL1,-0.36348432701084826,0.36348432701084826,RNA
cMono__TCF7,-0.36346312232582234,0.36346312232582234,RNA
ATAC__Naïve_B__chr17:81119557-81120058,-0.36345378123508565,0.36345378123508565,ATAC
ATAC__CD4_Naïve__chr3:45892649-45893150,-0.36308127481911,0.36308127481911,ATAC
cMono__SERPINA1,0.3627930075124438,0.3627930075124438,RNA
Prolif.T__RGS10,-0.36272471831548175,0.36272471831548175,RNA
CD8_CTL__TSC22D3,-0.3624685518268264,0.3624685518268264,RNA
cMono__UBC,-0.36244419027253594,0.36244419027253594,RNA
immature_T__ATP5F1E,-0.3624157345658129,0.3624157345658129,RNA
CD4_Naïve__SATB1,-0.36221319140394326,0.36221319140394326,RNA
ATAC__Transit.NK__chr16:74700397-74700898,0.36214543517887965,0.36214543517887965,ATAC
ATAC__CD4_Naïve__chr20:52974116-52974617,0.3621375600161506,0.3621375600161506,ATAC
ATAC__CD4_Naïve__chr7:130986125-130986626,0.3621116940098125,0.3621116940098125,ATAC
DC__LEF1,-0.3621031328881419,0.3621031328881419,RNA
ATAC__CD4_Tcm__chr14:65927857-65928358,0.36209506663303037,0.36209506663303037,ATAC
cMono__C19orf38,-0.36208455920163246,0.36208455920163246,RNA
ATAC__CD4_Naïve__chr13:99422116-99422617,-0.3619486682102141,0.3619486682102141,ATAC
ATAC__immature_T__chr17:20797254-20797755,0.36177278149126246,0.36177278149126246,ATAC
CD4_Naïve__TSC22D3,-0.36162652608796114,0.36162652608796114,RNA
DC__ATF6B,-0.36150244519949576,0.36150244519949576,RNA
cMono__CBLB,-0.36147691693095785,0.36147691693095785,RNA
ATAC__immature_T__chr6:168909246-168909747,0.36146435300948465,0.36146435300948465,ATAC
ATAC__CD8_Tem__chr17:58657959-58658460,-0.36145372724791797,0.36145372724791797,ATAC
Naïve_B__TNFRSF13B,0.3614495450116654,0.3614495450116654,RNA
CD4_Treg__HIF1A,-0.3614468119260906,0.3614468119260906,RNA
ATAC__CD8_CTL__chr3:99875937-99876438,-0.36139721682031184,0.36139721682031184,ATAC
ATAC__CD8_Tem__chr2:25313160-25313661,-0.3609956475035796,0.3609956475035796,ATAC
ATAC__CD4_Helper__chr1:240666506-240667007,0.3608622573846964,0.3608622573846964,ATAC
ATAC__CD8_Tem__chr10:29539977-29540478,-0.3608513286180515,0.3608513286180515,ATAC
CD8_Tem__ISCU,-0.3605821787473008,0.3605821787473008,RNA
CD8_Tem__SF3B1,-0.36027766943688116,0.36027766943688116,RNA
CD4_Treg__ARID5B,0.3601964789329463,0.3601964789329463,RNA
CD8_Tem__GOLGA8B,-0.36008481296146483,0.36008481296146483,RNA
ATAC__CD8_Tem__chr19:17606084-17606585,-0.35968975255040325,0.35968975255040325,ATAC
CD8_CTL__DDX39B,-0.3596040589617199,0.3596040589617199,RNA
ATAC__CD4_Tcm__chr5:139637319-139637820,-0.3592816014794139,0.3592816014794139,ATAC
CD4_Tcm__UQCRB,-0.3592671061075336,0.3592671061075336,RNA
cMono__MAPK8IP3,-0.35920916984842227,0.35920916984842227,RNA
CD4_Naïve__SMARCA5,0.3591835078806983,0.3591835078806983,RNA
ATAC__CD8_Tem__chr7:69062383-69062884,-0.3590736927804051,0.3590736927804051,ATAC
DC__PIK3IP1,-0.35893550450545497,0.35893550450545497,RNA
CD4_Naïve__CACHD1,-0.3588994550098529,0.3588994550098529,RNA
Transit.NK__CRIP1,0.3588919777048513,0.3588919777048513,RNA
DC__APOLD1,-0.35887476271440377,0.35887476271440377,RNA
Naïve_B__XRN1,0.3587799804026717,0.3587799804026717,RNA
Naïve_B__BTG2,0.3587762158497977,0.3587762158497977,RNA
ATAC__CD4_Naïve__chr2:38587669-38588170,0.358492985855258,0.358492985855258,ATAC
cMono__RGS10,-0.3584911480022833,0.3584911480022833,RNA
DC__ZNF276,-0.3584434737744471,0.3584434737744471,RNA
CD4_Naïve__CA6,0.3584324436035922,0.3584324436035922,RNA
ATAC__CD8_Tem__chr16:89099911-89100412,-0.3583279696244276,0.3583279696244276,ATAC
ATAC__CD4_Naïve__chr3:192917717-192918218,0.3582779664162536,0.3582779664162536,ATAC
cMono__MT-CO3,-0.35819988634858607,0.35819988634858607,RNA
cMono__SRSF11,-0.35805539619063664,0.35805539619063664,RNA
Naïve_B__HNRNPU,0.35805517544979276,0.35805517544979276,RNA
ATAC__CD8_Naïve__chr20:62805213-62805714,-0.35798485169024885,0.35798485169024885,ATAC
cMono__WBP11,-0.35785044456171033,0.35785044456171033,RNA
CD8_CTL__TRA2B,-0.35783456646933154,0.35783456646933154,RNA
ATAC__CD8_CTL__chr12:48977741-48978242,-0.3577380636755072,0.3577380636755072,ATAC
cMono__MT-CO2,-0.35755052234476775,0.35755052234476775,RNA
ATAC__CD8_Tem__chr17:7477501-7478002,-0.3574969541869129,0.3574969541869129,ATAC
DC__MAP2K3,-0.3574794023813217,0.3574794023813217,RNA
ATAC__CD4_Tcm__chr20:52975263-52975764,0.3574431001272431,0.3574431001272431,ATAC
ATAC__Prolif.T__chr20:24108994-24109495,0.35738916536806703,0.35738916536806703,ATAC
DC__IL7R,-0.3567495527186739,0.3567495527186739,RNA
ATAC__CD4_Tcm__chr11:11621877-11622378,0.3567242824373524,0.3567242824373524,ATAC
CD4_Tcm__PDE4D,-0.35658411101324045,0.35658411101324045,RNA
Swit.Bm__GSN,0.356512385118089,0.356512385118089,RNA
ATAC__CD4_Naïve__chr22:26596984-26597485,-0.3564266564377751,0.3564266564377751,ATAC
ATAC__immature_T__chr15:69720547-69721048,0.3563623309208635,0.3563623309208635,ATAC
ATAC__CD4_Tcm__chr15:91320044-91320545,0.35614655779320725,0.35614655779320725,ATAC
CD4_Treg__SH3BGRL3,0.3561002581641556,0.3561002581641556,RNA
CD8_CTL__ITM2C,-0.35599482466935894,0.35599482466935894,RNA
Swit.Bm__GYPC,-0.3559178446995863,0.3559178446995863,RNA
ATAC__CD4_Helper__chr16:16025131-16025632,0.35569989423793963,0.35569989423793963,ATAC
DC__PCED1A,-0.35558372181904363,0.35558372181904363,RNA
CD4_Tcm__SYT11,0.35556589842340314,0.35556589842340314,RNA
Swit.Bm__PPDPF,-0.35555055580728573,0.35555055580728573,RNA
Swit.Bm__NOP53,-0.3554228484776023,0.3554228484776023,RNA
DC__IRF2BP2,-0.3553886838395439,0.3553886838395439,RNA
CD4_Naïve__PCBP2,-0.35519098736750554,0.35519098736750554,RNA
DC__TNK2,-0.3551547140537458,0.3551547140537458,RNA
cMono__GRINA,-0.35514288812391603,0.35514288812391603,RNA
CD4_Tcm__LYAR,-0.3551104624216331,0.3551104624216331,RNA
ATAC__CD8_CTL__chr15:93152177-93152678,0.3548857239469659,0.3548857239469659,ATAC
ATAC__Prolif.T__chr17:81119557-81120058,-0.3543571364155354,0.3543571364155354,ATAC
ATAC__CD4_Helper__chr7:3120438-3120939,0.35431424328197936,0.35431424328197936,ATAC
CD8_CTL__LGALS1,0.3542256364660584,0.3542256364660584,RNA
Swit.Bm__JCHAIN,-0.3541869975915487,0.3541869975915487,RNA
CD4_Naïve__RGMB,0.3540455097235328,0.3540455097235328,RNA
CD8_Tem__YARS2,0.35386690931209763,0.35386690931209763,RNA
ATAC__CD4_Tcm__chr12:4506814-4507315,0.35385322916432504,0.35385322916432504,ATAC
cMono__STT3B,-0.35383707048661,0.35383707048661,RNA
ATAC__immature_T__chr2:101716202-101716703,0.3535391882154757,0.3535391882154757,ATAC
ATAC__CD4_Naïve__chr20:45407655-45408156,-0.3534592452274261,0.3534592452274261,ATAC
Swit.Bm__ITM2B,-0.3533985884905348,0.3533985884905348,RNA
ATAC__immature_T__chr19:49546934-49547435,0.3532983206857671,0.3532983206857671,ATAC
cMono__TXK,-0.353202235868197,0.353202235868197,RNA
ATAC__CD8_Tem__chr20:51494165-51494666,-0.3530480323932519,0.3530480323932519,ATAC
