order,feature,cell_type,gene,age_pearson,abs_corr,modality,source_mode,required_from_model
0,CD4_Naïve__SYNE2,CD4_Naïve,SYNE2,0.5977464192851949,0.5977464192851949,RNA,model_prediction,True
1,cMono__PELI1,cMono,PELI1,-0.5564981321340292,0.5564981321340292,RNA,model_prediction,True
2,CD4_Naïve__TCEAL2,CD4_Naïve,TCEAL2,0.5521802830326786,0.5521802830326786,RNA,model_prediction,True
3,CD4_Tcm__KLRB1,CD4_Tcm,KLRB1,-0.5111184917384024,0.5111184917384024,RNA,model_prediction,True
4,CD8_CTL__PIK3IP1,CD8_CTL,PIK3IP1,-0.5103215139227378,0.5103215139227378,RNA,model_prediction,True
5,CD4_Treg__SYNE2,CD4_Treg,SYNE2,0.5091445192976917,0.5091445192976917,RNA,model_prediction,True
6,cMono__ACTN1,cMono,ACTN1,-0.4889787836252085,0.4889787836252085,RNA,model_prediction,True
7,CD4_Treg__TCF7,CD4_Treg,TCF7,-0.4721107564895961,0.4721107564895961,RNA,model_prediction,True
8,CD4_Naïve__ANKRD12,CD4_Naïve,ANKRD12,0.4713812713069055,0.4713812713069055,RNA,model_prediction,True
9,cMono__ZNF655,cMono,ZNF655,-0.4661062700906658,0.4661062700906658,RNA,model_prediction,True
10,CD4_Naïve__MPHOSPH8,CD4_Naïve,MPHOSPH8,0.464788816553533,0.464788816553533,RNA,model_prediction,True
11,CD4_Naïve__RGS10,CD4_Naïve,RGS10,-0.4641419544711994,0.4641419544711994,RNA,model_prediction,True
12,CD8_CTL__EEF1B2,CD8_CTL,EEF1B2,-0.463036641373136,0.463036641373136,RNA,model_prediction,True
13,CD8_CTL__NFKBIZ,CD8_CTL,NFKBIZ,-0.4620503113357512,0.4620503113357512,RNA,model_prediction,True
14,CD8_CTL__RGS10,CD8_CTL,RGS10,-0.4619705886165106,0.4619705886165106,RNA,model_prediction,True
15,CD4_Naïve__SOX4,CD4_Naïve,SOX4,-0.4616801556620861,0.4616801556620861,RNA,model_prediction,True
16,CD4_Naïve__SF3B1,CD4_Naïve,SF3B1,-0.4615607433253016,0.4615607433253016,RNA,model_prediction,True
17,CD8_CTL__GOLGA8B,CD8_CTL,GOLGA8B,-0.4611576827649894,0.4611576827649894,RNA,model_prediction,True
18,CD8_Tem__ZBTB1,CD8_Tem,ZBTB1,-0.4571951092106364,0.4571951092106364,RNA,model_prediction,True
19,Naïve_B__KMT2C,Naïve_B,KMT2C,0.4568216251902217,0.4568216251902217,RNA,model_prediction,True
20,Swit.Bm__PDS5B,Swit.Bm,PDS5B,0.4553846042383031,0.4553846042383031,RNA,model_prediction,True
21,CD4_Helper__SYNE2,CD4_Helper,SYNE2,0.4543976752300557,0.4543976752300557,RNA,model_prediction,True
22,CD4_Treg__SATB1,CD4_Treg,SATB1,-0.4535408619858334,0.4535408619858334,RNA,model_prediction,True
23,CD8_CTL__SRSF11,CD8_CTL,SRSF11,-0.4528767943440814,0.4528767943440814,RNA,model_prediction,True
24,cMono__IRS2,cMono,IRS2,-0.4472115558413603,0.4472115558413603,RNA,model_prediction,True
25,CD8_Tem__IGFBP3,CD8_Tem,IGFBP3,0.4455726725992717,0.4455726725992717,RNA,model_prediction,True
26,CD4_Naïve__PLXDC1,CD4_Naïve,PLXDC1,-0.4455420389428584,0.4455420389428584,RNA,model_prediction,True
27,DC__GNAI2,DC,GNAI2,0.4409105918612296,0.4409105918612296,RNA,model_prediction,True
28,CD8_CTL__SF1,CD8_CTL,SF1,-0.440539798758597,0.440539798758597,RNA,model_prediction,True
29,CD4_Treg__GNAI2,CD4_Treg,GNAI2,0.4405008772102123,0.4405008772102123,RNA,model_prediction,True
30,CD4_Naïve__NAP1L2,CD4_Naïve,NAP1L2,0.437553845126535,0.437553845126535,RNA,model_prediction,True
31,CD4_Treg__SESN1,CD4_Treg,SESN1,-0.4366159918126999,0.4366159918126999,RNA,model_prediction,True
32,CD4_Naïve__SERPINE2,CD4_Naïve,SERPINE2,-0.4360464664275614,0.4360464664275614,RNA,model_prediction,True
33,cMono__KANSL1,cMono,KANSL1,-0.4359045875103447,0.4359045875103447,RNA,model_prediction,True
34,Naïve_B__PIK3IP1,Naïve_B,PIK3IP1,-0.4352298430380945,0.4352298430380945,RNA,model_prediction,True
35,cMono__BTG1,cMono,BTG1,-0.4336694850331348,0.4336694850331348,RNA,model_prediction,True
36,CD4_Naïve__RNF20,CD4_Naïve,RNF20,0.4324266079365509,0.4324266079365509,RNA,model_prediction,True
37,CD8_CTL__TBC1D4,CD8_CTL,TBC1D4,-0.4314588900234048,0.4314588900234048,RNA,model_prediction,True
38,cMono__SF3B1,cMono,SF3B1,-0.430165773170255,0.430165773170255,RNA,model_prediction,True
39,Prolif.T__SLC25A10,Prolif.T,SLC25A10,0.4296479145385019,0.4296479145385019,RNA,model_prediction,True
40,CD4_Naïve__ATRX,CD4_Naïve,ATRX,0.4279647179991624,0.4279647179991624,RNA,model_prediction,True
41,CD8_CTL__HIF1A,CD8_CTL,HIF1A,-0.4268538496088239,0.4268538496088239,RNA,model_prediction,True
42,Swit.Bm__MAPK8IP3,Swit.Bm,MAPK8IP3,-0.4262588388995408,0.4262588388995408,RNA,model_prediction,True
43,CD4_Naïve__GYPC,CD4_Naïve,GYPC,-0.4250454912702226,0.4250454912702226,RNA,model_prediction,True
44,cMono__IRF2BP2,cMono,IRF2BP2,-0.4222837024837915,0.4222837024837915,RNA,model_prediction,True
45,cMono__KIAA0319L,cMono,KIAA0319L,-0.4215473812807024,0.4215473812807024,RNA,model_prediction,True
46,cMono__UQCRB,cMono,UQCRB,-0.4214660968143199,0.4214660968143199,RNA,model_prediction,True
47,Swit.Bm__IGHM,Swit.Bm,IGHM,-0.4205423678905916,0.4205423678905916,RNA,model_prediction,True
48,CD4_Naïve__STAT4,CD4_Naïve,STAT4,0.4200881252593672,0.4200881252593672,RNA,model_prediction,True
49,cMono__MAP2K3,cMono,MAP2K3,-0.41893120356828,0.41893120356828,RNA,model_prediction,True
50,DC__SF3B1,DC,SF3B1,-0.4182230269920214,0.4182230269920214,RNA,model_prediction,True
51,CD4_Tcm__SF3B1,CD4_Tcm,SF3B1,-0.4182001681285671,0.4182001681285671,RNA,model_prediction,True
52,CD4_Naïve__IL2RB,CD4_Naïve,IL2RB,0.4175555365481885,0.4175555365481885,RNA,model_prediction,True
53,CD4_Naïve__IRF2BP2,CD4_Naïve,IRF2BP2,-0.4155977799273421,0.4155977799273421,RNA,model_prediction,True
54,cMono__RASSF5,cMono,RASSF5,-0.4152645225808312,0.4152645225808312,RNA,model_prediction,True
55,CD8_CTL__SF3B1,CD8_CTL,SF3B1,-0.4146143378073207,0.4146143378073207,RNA,model_prediction,True
56,Swit.Bm__SF3B1,Swit.Bm,SF3B1,-0.4143001008850165,0.4143001008850165,RNA,model_prediction,True
57,CD8_CTL__UXT,CD8_CTL,UXT,-0.4128137179212001,0.4128137179212001,RNA,model_prediction,True
58,CD8_CTL__KIF21A,CD8_CTL,KIF21A,0.4127939264722113,0.4127939264722113,RNA,model_prediction,True
59,γδT2__SH3RF2,γδT2,SH3RF2,0.4126758871398752,0.4126758871398752,RNA,frozen_development_median,False
60,CD4_Naïve__SLFN12L,CD4_Naïve,SLFN12L,0.4115168099872578,0.4115168099872578,RNA,model_prediction,True
61,CD4_Tcm__AIRE,CD4_Tcm,AIRE,0.411417359103857,0.411417359103857,RNA,model_prediction,True
62,cMono__BIN2,cMono,BIN2,-0.4112628147642909,0.4112628147642909,RNA,model_prediction,True
63,Swit.Bm__LEPROTL1,Swit.Bm,LEPROTL1,-0.4108973255221221,0.4108973255221221,RNA,model_prediction,True
64,CD8_CTL__TNFRSF25,CD8_CTL,TNFRSF25,-0.4108922303750406,0.4108922303750406,RNA,model_prediction,True
65,CD4_Treg__EEF1B2,CD4_Treg,EEF1B2,-0.4108854846993862,0.4108854846993862,RNA,model_prediction,True
66,DC__RSL1D1,DC,RSL1D1,-0.4107897552991144,0.4107897552991144,RNA,model_prediction,True
67,cMono__SRSF10,cMono,SRSF10,-0.4107064138688633,0.4107064138688633,RNA,model_prediction,True
68,CD4_Naïve__ZFP36L2,CD4_Naïve,ZFP36L2,-0.4100729011031362,0.4100729011031362,RNA,model_prediction,True
69,CD8_Tem__CCDC12,CD8_Tem,CCDC12,0.4098224906304658,0.4098224906304658,RNA,model_prediction,True
70,cMono__DIP2A,cMono,DIP2A,-0.4096053822993403,0.4096053822993403,RNA,model_prediction,True
71,DC__DGKA,DC,DGKA,-0.4095715697567675,0.4095715697567675,RNA,model_prediction,True
72,CD4_Naïve__DPP4,CD4_Naïve,DPP4,0.4088441919739012,0.4088441919739012,RNA,model_prediction,True
73,CD8_CTL__RASGRP2,CD8_CTL,RASGRP2,-0.4077695801507532,0.4077695801507532,RNA,model_prediction,True
74,CD4_Naïve__GREM2,CD4_Naïve,GREM2,0.4062456821763301,0.4062456821763301,RNA,model_prediction,True
75,CD8_CTL__ATP6V1G1,CD8_CTL,ATP6V1G1,-0.4059462010654449,0.4059462010654449,RNA,model_prediction,True
76,CD4_Naïve__STMN1,CD4_Naïve,STMN1,-0.4049797175739228,0.4049797175739228,RNA,model_prediction,True
77,CD8_CTL__NR2C1,CD8_CTL,NR2C1,-0.4047732087880337,0.4047732087880337,RNA,model_prediction,True
78,CD8_CTL__RCAN3,CD8_CTL,RCAN3,-0.4039560581307237,0.4039560581307237,RNA,model_prediction,True
79,Naïve_B__ZFC3H1,Naïve_B,ZFC3H1,0.4037781354514674,0.4037781354514674,RNA,model_prediction,True
80,CD4_Naïve__PPP1R12A,CD4_Naïve,PPP1R12A,0.4034242129651447,0.4034242129651447,RNA,model_prediction,True
81,cMono__CBX4,cMono,CBX4,-0.4023601555386093,0.4023601555386093,RNA,model_prediction,True
82,cMono__SATB1,cMono,SATB1,-0.4021660928910323,0.4021660928910323,RNA,model_prediction,True
83,CD4_Tcm__AUTS2,CD4_Tcm,AUTS2,-0.4015876057892976,0.4015876057892976,RNA,model_prediction,True
84,CD4_Naïve__PIK3IP1,CD4_Naïve,PIK3IP1,-0.4012987933511411,0.4012987933511411,RNA,model_prediction,True
85,DC__SRSF10,DC,SRSF10,-0.4003638376011244,0.4003638376011244,RNA,model_prediction,True
86,CD4_Treg__PIK3IP1,CD4_Treg,PIK3IP1,-0.4001686004823029,0.4001686004823029,RNA,model_prediction,True
87,cMono__LEPROTL1,cMono,LEPROTL1,-0.3999632145417129,0.3999632145417129,RNA,model_prediction,True
88,Swit.Bm__ZFP36L2,Swit.Bm,ZFP36L2,-0.3994125592572829,0.3994125592572829,RNA,model_prediction,True
89,Swit.Bm__SELENOH,Swit.Bm,SELENOH,-0.399307187113089,0.399307187113089,RNA,model_prediction,True
90,cMono__AKNA,cMono,AKNA,-0.3985410613282529,0.3985410613282529,RNA,model_prediction,True
91,CD4_Naïve__ATP5ME,CD4_Naïve,ATP5ME,-0.3978589941359488,0.3978589941359488,RNA,model_prediction,True
92,CD4_Naïve__PTGER2,CD4_Naïve,PTGER2,0.3978389503698299,0.3978389503698299,RNA,model_prediction,True
93,cMono__SRSF7,cMono,SRSF7,-0.3976644931723193,0.3976644931723193,RNA,model_prediction,True
94,CD4_Helper__PIK3IP1,CD4_Helper,PIK3IP1,-0.3972290867119667,0.3972290867119667,RNA,model_prediction,True
95,CD4_Naïve__ATP5F1E,CD4_Naïve,ATP5F1E,-0.3968549683673117,0.3968549683673117,RNA,model_prediction,True
96,DC__SATB1,DC,SATB1,-0.3967541592862085,0.3967541592862085,RNA,model_prediction,True
97,Prolif.T__C1orf21,Prolif.T,C1orf21,0.3967359086024381,0.3967359086024381,RNA,model_prediction,True
98,Swit.Bm__UQCRB,Swit.Bm,UQCRB,-0.3950072760228326,0.3950072760228326,RNA,model_prediction,True
99,cMono__SLC11A1,cMono,SLC11A1,-0.3950003457773645,0.3950003457773645,RNA,model_prediction,True
100,cMono__RICTOR,cMono,RICTOR,-0.3948862471516491,0.3948862471516491,RNA,model_prediction,True
101,cMono__EIF4A2,cMono,EIF4A2,-0.3947366199842611,0.3947366199842611,RNA,model_prediction,True
102,cMono__JDP2,cMono,JDP2,-0.3944175426622529,0.3944175426622529,RNA,model_prediction,True
103,Naïve_B__KRAS,Naïve_B,KRAS,0.3943805346703418,0.3943805346703418,RNA,model_prediction,True
104,CD4_Naïve__CR2,CD4_Naïve,CR2,-0.3942381136750175,0.3942381136750175,RNA,model_prediction,True
105,Naïve_B__GNAI2,Naïve_B,GNAI2,0.3941553908476334,0.3941553908476334,RNA,model_prediction,True
106,CD8_Tem__MYO6,CD8_Tem,MYO6,0.3938305701409804,0.3938305701409804,RNA,model_prediction,True
107,cMono__PCBP1,cMono,PCBP1,-0.3936737126271266,0.3936737126271266,RNA,model_prediction,True
108,Naïve_B__CCDC50,Naïve_B,CCDC50,0.3935861029889953,0.3935861029889953,RNA,model_prediction,True
109,CD4_Tcm__IFITM3,CD4_Tcm,IFITM3,0.3930317103379593,0.3930317103379593,RNA,model_prediction,True
110,CD4_Naïve__TCFL5,CD4_Naïve,TCFL5,-0.3928321668172004,0.3928321668172004,RNA,model_prediction,True
111,Naïve_B__GYPC,Naïve_B,GYPC,-0.3919750114198602,0.3919750114198602,RNA,model_prediction,True
112,CD4_Tcm__CCND3,CD4_Tcm,CCND3,-0.3911590192121618,0.3911590192121618,RNA,model_prediction,True
113,Swit.Bm__PCBP2,Swit.Bm,PCBP2,-0.3910247130089843,0.3910247130089843,RNA,model_prediction,True
114,CD8_CTL__MT-ND4L,CD8_CTL,MT-ND4L,-0.3907100967168019,0.3907100967168019,RNA,model_prediction,True
115,CD8_CTL__FASLG,CD8_CTL,FASLG,0.3903148491629178,0.3903148491629178,RNA,model_prediction,True
116,CD4_Naïve__ZC3H13,CD4_Naïve,ZC3H13,0.3901645180213109,0.3901645180213109,RNA,model_prediction,True
117,CD4_Tcm__PRMT2,CD4_Tcm,PRMT2,-0.3899345612047696,0.3899345612047696,RNA,model_prediction,True
118,CD8_CTL__LEPROTL1,CD8_CTL,LEPROTL1,-0.3898715338668351,0.3898715338668351,RNA,model_prediction,True
119,CD4_Tcm__PPIG,CD4_Tcm,PPIG,0.3896155128291312,0.3896155128291312,RNA,model_prediction,True
120,CD4_Tcm__PIK3IP1,CD4_Tcm,PIK3IP1,-0.3893577672802567,0.3893577672802567,RNA,model_prediction,True
121,CD4_Treg__NR1D2,CD4_Treg,NR1D2,0.3891545783970527,0.3891545783970527,RNA,model_prediction,True
122,DC__GOLGA8B,DC,GOLGA8B,-0.3886391711890952,0.3886391711890952,RNA,model_prediction,True
123,CD8_Tem__B3GNT2,CD8_Tem,B3GNT2,-0.3882209520923833,0.3882209520923833,RNA,model_prediction,True
124,cMono__YBX3,cMono,YBX3,-0.3878930487811396,0.3878930487811396,RNA,model_prediction,True
125,cMono__ZFP36L2,cMono,ZFP36L2,-0.3877959855672165,0.3877959855672165,RNA,model_prediction,True
126,CD4_Tcm__DIP2A,CD4_Tcm,DIP2A,-0.3868777861244264,0.3868777861244264,RNA,model_prediction,True
127,CD4_Naïve__MDN1,CD4_Naïve,MDN1,0.3867863530688096,0.3867863530688096,RNA,model_prediction,True
128,cMono__LGALS8,cMono,LGALS8,-0.3862605909408123,0.3862605909408123,RNA,model_prediction,True
129,CD8_CTL__CCNL1,CD8_CTL,CCNL1,-0.3862383715548028,0.3862383715548028,RNA,model_prediction,True
130,CD4_Treg__TTN,CD4_Treg,TTN,0.3859023014436309,0.3859023014436309,RNA,model_prediction,True
131,CD4_Helper__SYNC,CD4_Helper,SYNC,0.3854489710783501,0.3854489710783501,RNA,model_prediction,True
132,Prolif.T__PIK3IP1,Prolif.T,PIK3IP1,-0.3854479904457935,0.3854479904457935,RNA,model_prediction,True
133,CD4_Treg__ITGB1,CD4_Treg,ITGB1,0.3852669747130982,0.3852669747130982,RNA,model_prediction,True
134,CD8_Tem__RTN4R,CD8_Tem,RTN4R,0.385057309363016,0.385057309363016,RNA,model_prediction,True
135,CD4_Naïve__EDAR,CD4_Naïve,EDAR,-0.3849952732804123,0.3849952732804123,RNA,model_prediction,True
136,Naïve_B__SMC6,Naïve_B,SMC6,0.3848349746830613,0.3848349746830613,RNA,model_prediction,True
137,CD8_CTL__EIF4A2,CD8_CTL,EIF4A2,-0.384810973251194,0.384810973251194,RNA,model_prediction,True
138,CD4_Treg__GLIPR2,CD4_Treg,GLIPR2,0.3848092596404482,0.3848092596404482,RNA,model_prediction,True
139,cMono__ACTG1,cMono,ACTG1,0.3836005903784618,0.3836005903784618,RNA,model_prediction,True
140,CD4_Helper__NFIC,CD4_Helper,NFIC,0.3835244716577251,0.3835244716577251,RNA,model_prediction,True
141,CD4_Naïve__SPEF2,CD4_Naïve,SPEF2,0.3834344658903603,0.3834344658903603,RNA,model_prediction,True
142,cMono__PUM1,cMono,PUM1,-0.383052831250685,0.383052831250685,RNA,model_prediction,True
143,CD8_CTL__RAB8A,CD8_CTL,RAB8A,0.3830381994858404,0.3830381994858404,RNA,model_prediction,True
144,CD8_CTL__GNAI2,CD8_CTL,GNAI2,0.3829896167631582,0.3829896167631582,RNA,model_prediction,True
145,CD8_CTL__BTF3,CD8_CTL,BTF3,-0.3827491464237708,0.3827491464237708,RNA,model_prediction,True
146,Swit.Bm__RGS10,Swit.Bm,RGS10,-0.3821428965368295,0.3821428965368295,RNA,model_prediction,True
147,CD8_CTL__ISG20,CD8_CTL,ISG20,-0.382041513509721,0.382041513509721,RNA,model_prediction,True
148,cMono__TSC22D3,cMono,TSC22D3,-0.3820190758512166,0.3820190758512166,RNA,model_prediction,True
149,cMono__PHC3,cMono,PHC3,-0.3818681812298223,0.3818681812298223,RNA,model_prediction,True
150,CD4_Tcm__BIRC3,CD4_Tcm,BIRC3,0.3816179751884015,0.3816179751884015,RNA,model_prediction,True
151,CD8_CTL__DNAJB1,CD8_CTL,DNAJB1,-0.3813595414296992,0.3813595414296992,RNA,model_prediction,True
152,DC__TUBA1A,DC,TUBA1A,0.3811396511600495,0.3811396511600495,RNA,model_prediction,True
153,CD4_Naïve__CWF19L2,CD4_Naïve,CWF19L2,0.380146893924776,0.380146893924776,RNA,model_prediction,True
154,DC__KAT2A,DC,KAT2A,-0.3788967533898461,0.3788967533898461,RNA,model_prediction,True
155,CD4_Treg__ZFP36L2,CD4_Treg,ZFP36L2,-0.3788220588188136,0.3788220588188136,RNA,model_prediction,True
156,CD4_Helper__SH3BP5,CD4_Helper,SH3BP5,0.3782826733210019,0.3782826733210019,RNA,model_prediction,True
157,DC__S100A11,DC,S100A11,0.3781164135731509,0.3781164135731509,RNA,model_prediction,True
158,Swit.Bm__DPF3,Swit.Bm,DPF3,0.3777607259901624,0.3777607259901624,RNA,model_prediction,True
159,cMono__PCBP2,cMono,PCBP2,-0.3774740625881312,0.3774740625881312,RNA,model_prediction,True
160,DC__TPPP3,DC,TPPP3,0.3774555275767784,0.3774555275767784,RNA,model_prediction,True
161,CD4_Tcm__LGALS1,CD4_Tcm,LGALS1,0.3762479501854145,0.3762479501854145,RNA,model_prediction,True
162,Swit.Bm__GNAI2,Swit.Bm,GNAI2,0.376113713441266,0.376113713441266,RNA,model_prediction,True
163,cMono__CYB5R3,cMono,CYB5R3,-0.3760559038377311,0.3760559038377311,RNA,model_prediction,True
164,CD4_Naïve__MARCKSL1,CD4_Naïve,MARCKSL1,-0.3759588088690381,0.3759588088690381,RNA,model_prediction,True
165,CD8_CTL__NEIL1,CD8_CTL,NEIL1,-0.374909489778307,0.374909489778307,RNA,model_prediction,True
166,CD4_Tcm__NSG1,CD4_Tcm,NSG1,-0.3748519935271033,0.3748519935271033,RNA,model_prediction,True
167,CD8_CTL__TMIGD2,CD8_CTL,TMIGD2,-0.3747588041260601,0.3747588041260601,RNA,model_prediction,True
168,DC__P2RY13,DC,P2RY13,0.3746739181733987,0.3746739181733987,RNA,model_prediction,True
169,CD8_Tem__PLD1,CD8_Tem,PLD1,0.3744422405435927,0.3744422405435927,RNA,model_prediction,True
170,CD8_CTL__IRF2BP2,CD8_CTL,IRF2BP2,-0.3742999537614443,0.3742999537614443,RNA,model_prediction,True
171,cMono__KDM2A,cMono,KDM2A,-0.3732946933607159,0.3732946933607159,RNA,model_prediction,True
172,CD4_Tcm__SESN3,CD4_Tcm,SESN3,0.3731151538288889,0.3731151538288889,RNA,model_prediction,True
173,cMono__SETD1B,cMono,SETD1B,-0.37286747511596,0.37286747511596,RNA,model_prediction,True
174,DC__LRIG2,DC,LRIG2,-0.3724851606742944,0.3724851606742944,RNA,model_prediction,True
175,Naïve_B__NCOR1,Naïve_B,NCOR1,0.3722843826947061,0.3722843826947061,RNA,model_prediction,True
176,CD8_CTL__DGKA,CD8_CTL,DGKA,-0.3718090527395845,0.3718090527395845,RNA,model_prediction,True
177,CD8_CTL__IRS2,CD8_CTL,IRS2,-0.3714983152587645,0.3714983152587645,RNA,model_prediction,True
178,cMono__KHSRP,cMono,KHSRP,-0.3714866416314876,0.3714866416314876,RNA,model_prediction,True
179,cMono__ATF6B,cMono,ATF6B,-0.3714748598403883,0.3714748598403883,RNA,model_prediction,True
180,CD4_Naïve__SLC25A5,CD4_Naïve,SLC25A5,-0.3714181554888034,0.3714181554888034,RNA,model_prediction,True
181,CD4_Treg__EZR,CD4_Treg,EZR,0.3712627966132777,0.3712627966132777,RNA,model_prediction,True
182,DC__TCF7,DC,TCF7,-0.3707830369288192,0.3707830369288192,RNA,model_prediction,True
183,Swit.Bm__GRAMD1C,Swit.Bm,GRAMD1C,0.370430521910625,0.370430521910625,RNA,model_prediction,True
184,CD4_Naïve__HIF1A,CD4_Naïve,HIF1A,-0.3704158215821274,0.3704158215821274,RNA,model_prediction,True
185,DC__SERPINA1,DC,SERPINA1,0.3695825443639023,0.3695825443639023,RNA,model_prediction,True
186,Naïve_B__EIF3H,Naïve_B,EIF3H,-0.3686673024540103,0.3686673024540103,RNA,model_prediction,True
187,NKbright__VPS4B,NKbright,VPS4B,0.3683276003807015,0.3683276003807015,RNA,model_prediction,True
188,immature_T__MT-CO3,immature_T,MT-CO3,-0.3679973003393572,0.3679973003393572,RNA,model_prediction,True
189,CD4_Naïve__PDE7A,CD4_Naïve,PDE7A,-0.3679363206175653,0.3679363206175653,RNA,model_prediction,True
190,CD4_Naïve__BCL2,CD4_Naïve,BCL2,0.3678131627767997,0.3678131627767997,RNA,model_prediction,True
191,cMono__TXNIP,cMono,TXNIP,-0.3676246034425882,0.3676246034425882,RNA,model_prediction,True
192,CD8_CTL__ZFP36L2,CD8_CTL,ZFP36L2,-0.3670739560666174,0.3670739560666174,RNA,model_prediction,True
193,cMono__HNRNPL,cMono,HNRNPL,-0.3666231008052077,0.3666231008052077,RNA,model_prediction,True
194,cMono__SDCBP,cMono,SDCBP,-0.3665885230162815,0.3665885230162815,RNA,model_prediction,True
195,CD8_CTL__HSP90AB1,CD8_CTL,HSP90AB1,-0.3665338186792256,0.3665338186792256,RNA,model_prediction,True
196,cMono__SRSF2,cMono,SRSF2,-0.3660155668219251,0.3660155668219251,RNA,model_prediction,True
197,CD4_Naïve__CBX3,CD4_Naïve,CBX3,-0.3660050488124527,0.3660050488124527,RNA,model_prediction,True
198,CD4_Tcm__EEF1B2,CD4_Tcm,EEF1B2,-0.3658956163958208,0.3658956163958208,RNA,model_prediction,True
199,CD4_Tcm__MAZ,CD4_Tcm,MAZ,0.3653033017318352,0.3653033017318352,RNA,model_prediction,True
200,immature_T__RORA,immature_T,RORA,0.3651567811813029,0.3651567811813029,RNA,model_prediction,True
201,CD4_Naïve__CD84,CD4_Naïve,CD84,0.365029166874041,0.365029166874041,RNA,model_prediction,True
202,CD8_CTL__NOP53,CD8_CTL,NOP53,-0.3649408635546698,0.3649408635546698,RNA,model_prediction,True
203,CD8_CTL__RERE,CD8_CTL,RERE,-0.364659200047539,0.364659200047539,RNA,model_prediction,True
204,Swit.Bm__PIK3IP1,Swit.Bm,PIK3IP1,-0.3644410402661215,0.3644410402661215,RNA,model_prediction,True
205,CD4_Tcm__TSC22D3,CD4_Tcm,TSC22D3,-0.3642036548184348,0.3642036548184348,RNA,model_prediction,True
206,CD8_CTL__NLRP1,CD8_CTL,NLRP1,-0.363934558640777,0.363934558640777,RNA,model_prediction,True
207,CD4_Naïve__ATP5MG,CD4_Naïve,ATP5MG,-0.3638744158872961,0.3638744158872961,RNA,model_prediction,True
208,CD8_CTL__CHCHD10,CD8_CTL,CHCHD10,-0.3638137628530857,0.3638137628530857,RNA,model_prediction,True
209,CD8_CTL__MFAP1,CD8_CTL,MFAP1,0.3635496758510168,0.3635496758510168,RNA,model_prediction,True
210,CD8_Tem__NEIL1,CD8_Tem,NEIL1,-0.3634843270108482,0.3634843270108482,RNA,model_prediction,True
211,cMono__TCF7,cMono,TCF7,-0.3634631223258223,0.3634631223258223,RNA,model_prediction,True
212,cMono__SERPINA1,cMono,SERPINA1,0.3627930075124438,0.3627930075124438,RNA,model_prediction,True
213,Prolif.T__RGS10,Prolif.T,RGS10,-0.3627247183154817,0.3627247183154817,RNA,model_prediction,True
214,CD8_CTL__TSC22D3,CD8_CTL,TSC22D3,-0.3624685518268264,0.3624685518268264,RNA,model_prediction,True
215,cMono__UBC,cMono,UBC,-0.3624441902725359,0.3624441902725359,RNA,model_prediction,True
216,immature_T__ATP5F1E,immature_T,ATP5F1E,-0.3624157345658129,0.3624157345658129,RNA,model_prediction,True
217,CD4_Naïve__SATB1,CD4_Naïve,SATB1,-0.3622131914039432,0.3622131914039432,RNA,model_prediction,True
218,DC__LEF1,DC,LEF1,-0.3621031328881419,0.3621031328881419,RNA,model_prediction,True
219,cMono__C19orf38,cMono,C19orf38,-0.3620845592016324,0.3620845592016324,RNA,model_prediction,True
220,CD4_Naïve__TSC22D3,CD4_Naïve,TSC22D3,-0.3616265260879611,0.3616265260879611,RNA,model_prediction,True
221,DC__ATF6B,DC,ATF6B,-0.3615024451994957,0.3615024451994957,RNA,model_prediction,True
222,cMono__CBLB,cMono,CBLB,-0.3614769169309578,0.3614769169309578,RNA,model_prediction,True
223,Naïve_B__TNFRSF13B,Naïve_B,TNFRSF13B,0.3614495450116654,0.3614495450116654,RNA,model_prediction,True
224,CD4_Treg__HIF1A,CD4_Treg,HIF1A,-0.3614468119260906,0.3614468119260906,RNA,model_prediction,True
225,CD8_Tem__ISCU,CD8_Tem,ISCU,-0.3605821787473008,0.3605821787473008,RNA,model_prediction,True
226,CD8_Tem__SF3B1,CD8_Tem,SF3B1,-0.3602776694368811,0.3602776694368811,RNA,model_prediction,True
227,CD4_Treg__ARID5B,CD4_Treg,ARID5B,0.3601964789329463,0.3601964789329463,RNA,model_prediction,True
228,CD8_Tem__GOLGA8B,CD8_Tem,GOLGA8B,-0.3600848129614648,0.3600848129614648,RNA,model_prediction,True
229,CD8_CTL__DDX39B,CD8_CTL,DDX39B,-0.3596040589617199,0.3596040589617199,RNA,model_prediction,True
230,CD4_Tcm__UQCRB,CD4_Tcm,UQCRB,-0.3592671061075336,0.3592671061075336,RNA,model_prediction,True
231,cMono__MAPK8IP3,cMono,MAPK8IP3,-0.3592091698484222,0.3592091698484222,RNA,model_prediction,True
232,CD4_Naïve__SMARCA5,CD4_Naïve,SMARCA5,0.3591835078806983,0.3591835078806983,RNA,model_prediction,True
233,DC__PIK3IP1,DC,PIK3IP1,-0.3589355045054549,0.3589355045054549,RNA,model_prediction,True
234,CD4_Naïve__CACHD1,CD4_Naïve,CACHD1,-0.3588994550098529,0.3588994550098529,RNA,model_prediction,True
235,Transit.NK__CRIP1,Transit.NK,CRIP1,0.3588919777048513,0.3588919777048513,RNA,model_prediction,True
236,DC__APOLD1,DC,APOLD1,-0.3588747627144037,0.3588747627144037,RNA,model_prediction,True
237,Naïve_B__XRN1,Naïve_B,XRN1,0.3587799804026717,0.3587799804026717,RNA,model_prediction,True
238,Naïve_B__BTG2,Naïve_B,BTG2,0.3587762158497977,0.3587762158497977,RNA,model_prediction,True
239,cMono__RGS10,cMono,RGS10,-0.3584911480022833,0.3584911480022833,RNA,model_prediction,True
240,DC__ZNF276,DC,ZNF276,-0.3584434737744471,0.3584434737744471,RNA,model_prediction,True
241,CD4_Naïve__CA6,CD4_Naïve,CA6,0.3584324436035922,0.3584324436035922,RNA,model_prediction,True
242,cMono__MT-CO3,cMono,MT-CO3,-0.358199886348586,0.358199886348586,RNA,model_prediction,True
243,cMono__SRSF11,cMono,SRSF11,-0.3580553961906366,0.3580553961906366,RNA,model_prediction,True
244,Naïve_B__HNRNPU,Naïve_B,HNRNPU,0.3580551754497927,0.3580551754497927,RNA,model_prediction,True
245,cMono__WBP11,cMono,WBP11,-0.3578504445617103,0.3578504445617103,RNA,model_prediction,True
246,CD8_CTL__TRA2B,CD8_CTL,TRA2B,-0.3578345664693315,0.3578345664693315,RNA,model_prediction,True
247,cMono__MT-CO2,cMono,MT-CO2,-0.3575505223447677,0.3575505223447677,RNA,model_prediction,True
248,DC__MAP2K3,DC,MAP2K3,-0.3574794023813217,0.3574794023813217,RNA,model_prediction,True
249,DC__IL7R,DC,IL7R,-0.3567495527186739,0.3567495527186739,RNA,model_prediction,True
250,CD4_Tcm__PDE4D,CD4_Tcm,PDE4D,-0.3565841110132404,0.3565841110132404,RNA,model_prediction,True
251,Swit.Bm__GSN,Swit.Bm,GSN,0.356512385118089,0.356512385118089,RNA,model_prediction,True
252,CD4_Treg__SH3BGRL3,CD4_Treg,SH3BGRL3,0.3561002581641556,0.3561002581641556,RNA,model_prediction,True
253,CD8_CTL__ITM2C,CD8_CTL,ITM2C,-0.3559948246693589,0.3559948246693589,RNA,model_prediction,True
254,Swit.Bm__GYPC,Swit.Bm,GYPC,-0.3559178446995863,0.3559178446995863,RNA,model_prediction,True
255,DC__PCED1A,DC,PCED1A,-0.3555837218190436,0.3555837218190436,RNA,model_prediction,True
256,CD4_Tcm__SYT11,CD4_Tcm,SYT11,0.3555658984234031,0.3555658984234031,RNA,model_prediction,True
257,Swit.Bm__PPDPF,Swit.Bm,PPDPF,-0.3555505558072857,0.3555505558072857,RNA,model_prediction,True
258,Swit.Bm__NOP53,Swit.Bm,NOP53,-0.3554228484776023,0.3554228484776023,RNA,model_prediction,True
259,DC__IRF2BP2,DC,IRF2BP2,-0.3553886838395439,0.3553886838395439,RNA,model_prediction,True
260,CD4_Naïve__PCBP2,CD4_Naïve,PCBP2,-0.3551909873675055,0.3551909873675055,RNA,model_prediction,True
261,DC__TNK2,DC,TNK2,-0.3551547140537458,0.3551547140537458,RNA,model_prediction,True
262,cMono__GRINA,cMono,GRINA,-0.355142888123916,0.355142888123916,RNA,model_prediction,True
263,CD4_Tcm__LYAR,CD4_Tcm,LYAR,-0.3551104624216331,0.3551104624216331,RNA,model_prediction,True
264,CD8_CTL__LGALS1,CD8_CTL,LGALS1,0.3542256364660584,0.3542256364660584,RNA,model_prediction,True
265,Swit.Bm__JCHAIN,Swit.Bm,JCHAIN,-0.3541869975915487,0.3541869975915487,RNA,model_prediction,True
266,CD4_Naïve__RGMB,CD4_Naïve,RGMB,0.3540455097235328,0.3540455097235328,RNA,model_prediction,True
267,CD8_Tem__YARS2,CD8_Tem,YARS2,0.3538669093120976,0.3538669093120976,RNA,model_prediction,True
268,cMono__STT3B,cMono,STT3B,-0.35383707048661,0.35383707048661,RNA,model_prediction,True
269,Swit.Bm__ITM2B,Swit.Bm,ITM2B,-0.3533985884905348,0.3533985884905348,RNA,model_prediction,True
270,cMono__TXK,cMono,TXK,-0.353202235868197,0.353202235868197,RNA,model_prediction,True
